CREATE TABLE IF NOT EXISTS "migrations" ("id" integer primary key auto_increment not null, "migration" varchar not null, "batch" integer not null);
INSERT INTO migrations VALUES(1,'0001_01_01_000000_create_users_table',1);
INSERT INTO migrations VALUES(2,'0001_01_01_000001_create_cache_table',1);
INSERT INTO migrations VALUES(3,'0001_01_01_000002_create_jobs_table',1);
INSERT INTO migrations VALUES(4,'2025_01_24_215338_create_events_table',1);
INSERT INTO migrations VALUES(5,'2025_01_24_215338_create_results_table',1);
INSERT INTO migrations VALUES(6,'2025_01_24_215338_create_teams_table',1);
INSERT INTO migrations VALUES(7,'2025_01_24_215952_update_events_table',1);
CREATE TABLE IF NOT EXISTS "users" ("id" integer primary key autoincrement not null, "name" varchar not null, "email" varchar not null, "email_verified_at" datetime, "password" varchar not null, "remember_token" varchar, "created_at" datetime, "updated_at" datetime);
CREATE TABLE IF NOT EXISTS "password_reset_tokens" ("email" varchar not null, "token" varchar not null, "created_at" datetime, primary key ("email"));
CREATE TABLE IF NOT EXISTS "sessions" ("id" varchar not null, "user_id" integer, "ip_address" varchar, "user_agent" text, "payload" text not null, "last_activity" integer not null, primary key ("id"));
INSERT INTO sessions VALUES('3SdgGUio3M8lG46T8j47aGJ0efGCSFYvkOUSAhgr',NULL,'127.0.0.1','Mozilla/5.0 (Macintosh; Intel Mac OS X 10_15_7) AppleWebKit/537.36 (KHTML, like Gecko) Chrome/132.0.0.0 Safari/537.36','YTozOntzOjY6Il90b2tlbiI7czo0MDoiejd1MzZyNXljT1JIRllPNzB1d3NBTm5WZlFObWtYWTBKc2pNMk1VMyI7czo5OiJfcHJldmlvdXMiO2E6MTp7czozOiJ1cmwiO3M6MzA6Imh0dHA6Ly8xMjcuMC4wLjE6ODAwMC92eXNsZWRreSI7fXM6NjoiX2ZsYXNoIjthOjI6e3M6Mzoib2xkIjthOjA6e31zOjM6Im5ldyI7YTowOnt9fX0=',1737844402);
CREATE TABLE IF NOT EXISTS "cache" ("key" varchar not null, "value" text not null, "expiration" integer not null, primary key ("key"));
CREATE TABLE IF NOT EXISTS "cache_locks" ("key" varchar not null, "owner" varchar not null, "expiration" integer not null, primary key ("key"));
CREATE TABLE IF NOT EXISTS "jobs" ("id" integer primary key autoincrement not null, "queue" varchar not null, "payload" text not null, "attempts" integer not null, "reserved_at" integer, "available_at" integer not null, "created_at" integer not null);
CREATE TABLE IF NOT EXISTS "job_batches" ("id" varchar not null, "name" varchar not null, "total_jobs" integer not null, "pending_jobs" integer not null, "failed_jobs" integer not null, "failed_job_ids" text not null, "options" text, "cancelled_at" integer, "created_at" integer not null, "finished_at" integer, primary key ("id"));
CREATE TABLE IF NOT EXISTS "failed_jobs" ("id" integer primary key autoincrement not null, "uuid" varchar not null, "connection" text not null, "queue" text not null, "payload" text not null, "exception" text not null, "failed_at" datetime not null default CURRENT_TIMESTAMP);
CREATE TABLE IF NOT EXISTS "events" ("id" integer primary key autoincrement not null, "date" date not null, "created_at" datetime, "updated_at" datetime, "name" varchar);
INSERT INTO events VALUES(1,'2022-12-08',NULL,NULL,'Pioneer Beer Quiz (4. kolo 2022)');
INSERT INTO events VALUES(2,'2022-12-22',NULL,NULL,'Pioneer Beer Quiz (5. kolo 2022)');
INSERT INTO events VALUES(3,'2023-01-19',NULL,NULL,'Pioneer Beer Quiz (1. kolo 2023)');
INSERT INTO events VALUES(4,'2023-03-23',NULL,NULL,'Pioneer Beer Quiz (3. kolo 2023)');
INSERT INTO events VALUES(5,'2023-10-19',NULL,NULL,'Pioneer Beer Quiz (5. kolo 2023)');
INSERT INTO events VALUES(6,'2023-11-09',NULL,NULL,'Pioneer Beer Quiz (6. kolo 2023)');
INSERT INTO events VALUES(7,'2023-12-14',NULL,NULL,'Pioneer Beer Quiz (7. kolo 2023)');
INSERT INTO events VALUES(8,'2024-01-18',NULL,NULL,'Pioneer Beer Quiz (1. kolo 2024)');
INSERT INTO events VALUES(9,'2024-02-22',NULL,NULL,'Pioneer Beer Quiz (2. kolo 2024)');
INSERT INTO events VALUES(10,'2024-03-21',NULL,NULL,'Pioneer Beer Quiz (3. kolo 2024)');
INSERT INTO events VALUES(11,'2024-04-25',NULL,NULL,'Pioneer Beer Quiz (4. kolo 2024)');
INSERT INTO events VALUES(12,'2024-11-21',NULL,NULL,'Pioneer Beer Quiz (6. kolo 2024)');
INSERT INTO events VALUES(13,'2024-12-19',NULL,NULL,'Pioneer Beer Quiz (7. kolo 2024)');
INSERT INTO events VALUES(14,'2025-01-23',NULL,NULL,'Pioneer Beer Quiz (1. kolo 2025)');
CREATE TABLE IF NOT EXISTS "results" ("id" integer primary key autoincrement not null, "event_id" integer not null, "team_id" integer not null, "score" integer not null, "position" integer not null, "created_at" datetime, "updated_at" datetime, foreign key("event_id") references "events"("id") on delete cascade, foreign key("team_id") references "teams"("id") on delete cascade);
INSERT INTO results VALUES(1,1,10,9,4,NULL,NULL);
INSERT INTO results VALUES(2,1,24,8,6,NULL,NULL);
INSERT INTO results VALUES(3,1,3,6,7,NULL,NULL);
INSERT INTO results VALUES(4,1,21,9,4,NULL,NULL);
INSERT INTO results VALUES(5,1,20,12,2,NULL,NULL);
INSERT INTO results VALUES(6,1,2,11,3,NULL,NULL);
INSERT INTO results VALUES(7,1,1,14,1,NULL,NULL);
INSERT INTO results VALUES(8,2,19,10,3,NULL,NULL);
INSERT INTO results VALUES(9,2,4,7,6,NULL,NULL);
INSERT INTO results VALUES(10,2,2,12,1,NULL,NULL);
INSERT INTO results VALUES(11,2,3,9,4,NULL,NULL);
INSERT INTO results VALUES(12,2,21,5,7,NULL,NULL);
INSERT INTO results VALUES(13,2,20,9,4,NULL,NULL);
INSERT INTO results VALUES(14,2,23,5,7,NULL,NULL);
INSERT INTO results VALUES(15,2,1,12,2,NULL,NULL);
INSERT INTO results VALUES(16,3,1,13,5,NULL,NULL);
INSERT INTO results VALUES(17,3,4,16,1,NULL,NULL);
INSERT INTO results VALUES(18,3,3,13,5,NULL,NULL);
INSERT INTO results VALUES(19,3,2,15,2,NULL,NULL);
INSERT INTO results VALUES(20,3,7,14,3,NULL,NULL);
INSERT INTO results VALUES(21,3,9,11,8,NULL,NULL);
INSERT INTO results VALUES(22,3,20,12,7,NULL,NULL);
INSERT INTO results VALUES(23,3,17,14,3,NULL,NULL);
INSERT INTO results VALUES(24,4,10,13,1,NULL,NULL);
INSERT INTO results VALUES(25,4,1,11,2,NULL,NULL);
INSERT INTO results VALUES(26,4,3,10,4,NULL,NULL);
INSERT INTO results VALUES(27,4,21,6,6,NULL,NULL);
INSERT INTO results VALUES(28,4,7,10,4,NULL,NULL);
INSERT INTO results VALUES(29,4,9,5,8,NULL,NULL);
INSERT INTO results VALUES(30,4,17,11,2,NULL,NULL);
INSERT INTO results VALUES(31,4,22,6,6,NULL,NULL);
INSERT INTO results VALUES(32,5,1,14,2,NULL,NULL);
INSERT INTO results VALUES(33,5,4,8,8,NULL,NULL);
INSERT INTO results VALUES(34,5,3,11,6,NULL,NULL);
INSERT INTO results VALUES(35,5,19,18,1,NULL,NULL);
INSERT INTO results VALUES(36,5,7,12,4,NULL,NULL);
INSERT INTO results VALUES(37,5,9,13,3,NULL,NULL);
INSERT INTO results VALUES(38,5,20,12,4,NULL,NULL);
INSERT INTO results VALUES(39,5,10,9,7,NULL,NULL);
INSERT INTO results VALUES(40,6,1,12,3,NULL,NULL);
INSERT INTO results VALUES(41,6,3,9,4,NULL,NULL);
INSERT INTO results VALUES(42,6,4,9,4,NULL,NULL);
INSERT INTO results VALUES(43,6,9,14,2,NULL,NULL);
INSERT INTO results VALUES(44,6,10,15,1,NULL,NULL);
INSERT INTO results VALUES(45,7,1,16,1,NULL,NULL);
INSERT INTO results VALUES(46,7,3,12,5,NULL,NULL);
INSERT INTO results VALUES(47,7,6,9,8,NULL,NULL);
INSERT INTO results VALUES(48,7,7,14,3,NULL,NULL);
INSERT INTO results VALUES(49,7,18,12,5,NULL,NULL);
INSERT INTO results VALUES(50,7,2,13,4,NULL,NULL);
INSERT INTO results VALUES(51,7,9,11,7,NULL,NULL);
INSERT INTO results VALUES(52,7,19,15,2,NULL,NULL);
INSERT INTO results VALUES(53,8,1,15,1,NULL,NULL);
INSERT INTO results VALUES(54,8,3,6,7,NULL,NULL);
INSERT INTO results VALUES(55,8,10,10,3,NULL,NULL);
INSERT INTO results VALUES(56,8,6,5,8,NULL,NULL);
INSERT INTO results VALUES(57,8,7,11,2,NULL,NULL);
INSERT INTO results VALUES(58,8,18,8,6,NULL,NULL);
INSERT INTO results VALUES(59,8,2,10,3,NULL,NULL);
INSERT INTO results VALUES(60,8,5,10,3,NULL,NULL);
INSERT INTO results VALUES(61,9,1,13,1,NULL,NULL);
INSERT INTO results VALUES(62,9,4,9,7,NULL,NULL);
INSERT INTO results VALUES(63,9,6,4,8,NULL,NULL);
INSERT INTO results VALUES(64,9,2,13,2,NULL,NULL);
INSERT INTO results VALUES(65,9,3,9,6,NULL,NULL);
INSERT INTO results VALUES(66,9,9,11,4,NULL,NULL);
INSERT INTO results VALUES(67,9,17,12,3,NULL,NULL);
INSERT INTO results VALUES(68,9,5,10,5,NULL,NULL);
INSERT INTO results VALUES(69,10,1,9,3,NULL,NULL);
INSERT INTO results VALUES(70,10,10,11,2,NULL,NULL);
INSERT INTO results VALUES(71,10,9,9,3,NULL,NULL);
INSERT INTO results VALUES(72,10,7,9,3,NULL,NULL);
INSERT INTO results VALUES(73,10,2,8,6,NULL,NULL);
INSERT INTO results VALUES(74,10,16,7,7,NULL,NULL);
INSERT INTO results VALUES(75,10,5,7,7,NULL,NULL);
INSERT INTO results VALUES(76,10,3,14,1,NULL,NULL);
INSERT INTO results VALUES(77,11,1,14,1,NULL,NULL);
INSERT INTO results VALUES(78,11,3,13,2,NULL,NULL);
INSERT INTO results VALUES(79,11,6,13,2,NULL,NULL);
INSERT INTO results VALUES(80,11,7,12,5,NULL,NULL);
INSERT INTO results VALUES(81,11,8,9,8,NULL,NULL);
INSERT INTO results VALUES(82,11,9,12,5,NULL,NULL);
INSERT INTO results VALUES(83,11,10,10,7,NULL,NULL);
INSERT INTO results VALUES(84,11,12,13,2,NULL,NULL);
INSERT INTO results VALUES(85,12,1,12,3,NULL,NULL);
INSERT INTO results VALUES(86,12,3,13,1,NULL,NULL);
INSERT INTO results VALUES(87,12,6,10,7,NULL,NULL);
INSERT INTO results VALUES(88,12,7,12,3,NULL,NULL);
INSERT INTO results VALUES(89,12,10,11,5,NULL,NULL);
INSERT INTO results VALUES(90,12,9,13,2,NULL,NULL);
INSERT INTO results VALUES(91,12,5,11,5,NULL,NULL);
INSERT INTO results VALUES(92,12,15,9,8,NULL,NULL);
INSERT INTO results VALUES(93,13,1,14,2,NULL,NULL);
INSERT INTO results VALUES(94,13,11,9,7,NULL,NULL);
INSERT INTO results VALUES(95,13,3,15,1,NULL,NULL);
INSERT INTO results VALUES(96,13,6,11,6,NULL,NULL);
INSERT INTO results VALUES(97,13,7,13,5,NULL,NULL);
INSERT INTO results VALUES(98,13,9,14,2,NULL,NULL);
INSERT INTO results VALUES(99,13,5,14,2,NULL,NULL);
INSERT INTO results VALUES(100,13,10,8,8,NULL,NULL);
INSERT INTO results VALUES(101,14,1,8,6,NULL,NULL);
INSERT INTO results VALUES(102,14,2,13,1,NULL,NULL);
INSERT INTO results VALUES(103,14,3,9,3,NULL,NULL);
INSERT INTO results VALUES(104,14,6,9,3,NULL,NULL);
INSERT INTO results VALUES(105,14,7,12,2,NULL,NULL);
INSERT INTO results VALUES(106,14,9,8,6,NULL,NULL);
INSERT INTO results VALUES(107,14,11,9,3,NULL,NULL);
INSERT INTO results VALUES(108,14,13,8,6,NULL,NULL);
INSERT INTO results VALUES(109,14,14,8,6,NULL,NULL);
CREATE TABLE IF NOT EXISTS "teams" ("id" integer primary key autoincrement not null, "name" varchar not null, "created_at" datetime, "updated_at" datetime);
INSERT INTO teams VALUES(1,'Opera',NULL,NULL);
INSERT INTO teams VALUES(2,'Mrokaři',NULL,NULL);
INSERT INTO teams VALUES(3,'Ptactvo',NULL,NULL);
INSERT INTO teams VALUES(4,'Perspektivní zlo',NULL,NULL);
INSERT INTO teams VALUES(5,'Tři hlavy',NULL,NULL);
INSERT INTO teams VALUES(6,'Starý páky',NULL,NULL);
INSERT INTO teams VALUES(7,'ACS',NULL,NULL);
INSERT INTO teams VALUES(8,'Kočičky',NULL,NULL);
INSERT INTO teams VALUES(9,'Hopmani',NULL,NULL);
INSERT INTO teams VALUES(10,'Činohra',NULL,NULL);
INSERT INTO teams VALUES(11,'Kopretiny',NULL,NULL);
INSERT INTO teams VALUES(12,'Pusinky',NULL,NULL);
INSERT INTO teams VALUES(13,'Sosáci',NULL,NULL);
INSERT INTO teams VALUES(14,'MMK',NULL,NULL);
INSERT INTO teams VALUES(15,'V h..?',NULL,NULL);
INSERT INTO teams VALUES(16,'Blondýny',NULL,NULL);
INSERT INTO teams VALUES(17,'ŽOK',NULL,NULL);
INSERT INTO teams VALUES(18,'Pivolky',NULL,NULL);
INSERT INTO teams VALUES(19,'Lupulíni',NULL,NULL);
INSERT INTO teams VALUES(20,'Triple idiot',NULL,NULL);
INSERT INTO teams VALUES(21,'?',NULL,NULL);
INSERT INTO teams VALUES(22,'Ing. a Radek',NULL,NULL);
INSERT INTO teams VALUES(23,'Quadr I',NULL,NULL);
INSERT INTO teams VALUES(24,'Kromaňonci',NULL,NULL);
DELETE FROM sqlite_sequence;
INSERT INTO sqlite_sequence VALUES('migrations',7);
INSERT INTO sqlite_sequence VALUES('events',14);
INSERT INTO sqlite_sequence VALUES('teams',24);
INSERT INTO sqlite_sequence VALUES('results',109);
CREATE UNIQUE INDEX "users_email_unique" on "users" ("email");
CREATE INDEX "sessions_user_id_index" on "sessions" ("user_id");
CREATE INDEX "sessions_last_activity_index" on "sessions" ("last_activity");
CREATE INDEX "jobs_queue_index" on "jobs" ("queue");
CREATE UNIQUE INDEX "failed_jobs_uuid_unique" on "failed_jobs" ("uuid");
COMMIT;
